,Часы звонков,1 курс,,,,1 курс,,,,1 курс,,,,1 курс,,,,1 курс,,,,,1 курс,,,,1 курс,,,1 курс,,,,2 курс,,,,2 курс,,,,2 курс,,,,,,2 курс,,,,,2 курс,,2 курс,,,2 курс,,,,3 курс,,,3 курс,,,,3 курс,,3 курс,,,,,3 курс,,3 курс,,,,4 курс,,,,,,,4 курс,,,4 курс,,,,,,4 курс,,,
,,1 группа,,2 группа,,3 группа,,4 группа,,5 группа,,6 группа,,7 группа,,8 группа,,9 группа,,,10 группа,,11 группа,,12 группа ,ПММ,13 группа ,,14 группа,15 группа ,,16 группа,,1 группа,,2 группа,,3 группа,,4 группа,,5 группа,,6 группа,,7 группа,,8 группа,,9 группа,,10 группа,11 группа,ПММ,12 группа,,13 группа,14 группа,,15 группа,,1 группа ,2 группа ,3 группа,4 группа,,5 группа,,6 группа,,7 группа,,8 группа,9 группа,ПММ,10 группа,,11 группа ,,12 группа ,,1 группа,2 группа,3 группа,4 группа,,5 группа,,6 группа,,7 группа,8 группа,,9 группа,ПММ,10 группа,,11 группа ,,12 группа ,
,,"Направление ""Информационные системы и технологии""",,,,,,,,,,,,"Направление ""Программная инженерия""",,,,,,,"Направление ""Информационная безопасность""",,,,"Специальность ""Компьютерная безопасность""",,"Направление ""Прикладная информатика""",,,"Направление ""Математика и компьютерные науки""",,,,"Направление ""Информационные системы и технологии"" ",,,,,,,,"Направление ""Программная инженерия""",,,,,,"Направление ""Информационная безопасность""",,,,,"Специальность ""Компьютерная безопасность""",,"Направление ""Прикладная информатика""",,,"Направление ""Математика и компьютерные науки""",,,,"Направление ""Информационные системы и технологии"" ",,,,,,,"Направление ""Программная инженерия""",,"Направление ""ИБ""",,,"Специальность ""Компьютерная безопасность""",,"Направление ""Прикладная информатика в экономике""",,"Направление ""Математика и компьютерные науки""",,,,"Направление ""Информационные системы и технологии"" ",,,,,,,"Направление ""Программная инженерия""",,,"Направление ""ИБ""",,"Специальность ""Компьютерная безопасность""",,"Направление ""Прикладная информатика"" ",,"Направление ""Математика и компьютерные науки""",,,
,,,,,,,,,,,,,,"профиль ""Информационные системы и сетевые технологии"" ",,,,,,," профиль ""Безопасность компьютерных систем"" ",,,,"специализация ""АБКС""","специализация ""ММЗИ""","профиль ""Прикладная информатика в экономике""",,,,,,,,,,,,,,,"профиль ""Информационные системы и сетевые технологии"" ",,,,,," профиль ""Безопасность компьютерных систем"" ",,,,,"специализация ""АБКС""","специализация ""ММЗИ""","профиль ""Прикладная информатика в экономике""",,,,,,,ИСиСТ,ИСТК,ОИМО,ИСиТУП,,ПИвИС ,,"профиль ""Информационные системы и сетевые технологии"" ",," профиль ""Безопасность компьютерных систем"" ",,,"специализация ""АБКС""","специализация ""ММЗИ""","профиль ""Прикладная информатика в экономике"" ",,"профиль ""Распределенные системы и искусственный интеллект""",,"профиль ""Квантовая теория информации""",,ИСиСТ,ИСТК,ОИМО,ИСиТУП,,ПИвИС,,"профиль ""Информационные системы и сетевые технологии""",,," профиль ""Безопасность компьютерных систем""",,"специализация ""АБКС""","специализация ""ММЗИ""","профиль ""Прикладная информатика в экономике""",,"профиль ""Распределенные системы и искусственный интеллект""",,"профиль ""Квантовая теория информации""",
Понедельник,8:00 - 9:35,Web-техн. ст.преп. Ермаков М.В. 387,,,,Дискретная математика асс. Стукалова И.В. 477,,Алгебра и геометрия доц. Чуракова Т.А. 380,,,Ин.яз. преп. Гавриш О.А.  308П,,,МЛ и ТА ст.преп. Пашкевич А.А. 307П,,,,Алгебра и геометрия доц. Атанов А.В. 479,,,,,,,,,,,,АиСД ст. преп. Соломатин Д.И. 295,Ин.яз. преп. Гафарова М.Х. 309П,,,Электроника асс. Захаров В.И. 420,,,,,,Ин.яз. преп. Семенов В.П. 314П,,,,,,,,,,,,,,,,,,Численные методы асс. Денисенко А.И. 291,,,,Военная подготовка,,,,,,,,,,,,Учебно лабораторный практикум  (id=18422)  ст.преп. Фролова О.А.  (ДО),,Военная подготовка,,,,,,,Архитектура ИС асс. Попова Е.В. 301П,,,,,,,,,,,УЦ,,,,,,,
,,"Основы права и антикоррупционного законодательства
доц. Панюшкина О.В. 305П",,,,,,,,,,Ин.яз. преп. Гавриш О.А.  308П,,Ин.яз. доц. Стрельникова М.А. 303П,МЛ и ТА ст.преп. Пашкевич А.А. 307П,,,,,,,,,,,,,,,,,,АиСД ст. преп. Соломатин Д.И. 295,,,,,,,,Ин.яз. преп. Семенов В.П. 314П,,,,,,,,,,,,,,,,,,,,,,,,,,,,,,,,,,,,,,,,,,,,,,,,,,,Безопасность компьютерных сетей ст.преп. Коваль А.С. 293,,,,,,,,,
,9:45 - 11:20,ТФКП ст.преп. Попова А.Е. 307П,,,,Алгебра и геометрия доц. Чуракова Т.А. 292,,Архитектура ЭВМ асс. Попова Е.В. 314П,,,Ин.яз. преп. Гавриш О.А.  308П,,,Алгебра и геометрия доц. Атанов А.В. 479,,,,Web-техн. ст.преп. Ермаков М.В. 381,АиСД ст.преп. Соломатин Д.И.  384,,,,,,,,Ин.яз. преп. Семенов В.П. 301П,,,АиСД ст. преп. Соломатин Д.И. 316П,,,,Физическая культура и спорт,,,,,,,,,,,,,Ин.яз. преп. Гафарова М.Х. 309П,,,,,,,,Организация бизнес-процессов доц. Абрамов И.В. 505П,,,"Основы матем. теории колебаний
асс. Толкачев А.В. 303П",,,,,,,,,,,,,,,,,,,,,,,,Проект. ЦС ст.преп. Малыхин А.Ю. 297,ОМПТ доц. Борисов Д.Н. 290,,,,,,,,МС асс. Швырева А.В. 295,Безопасность компьютерных сетей ст.преп. Коваль А.С. 293,,,,,,,,,
,,,,,,,,"Основы права и антикоррупционного законодательства
доц. Панюшкина О.В. 477",,,,Ин.яз. преп. Гавриш О.А.  308П,,,,,,АиСД ст.преп. Соломатин Д.И.  384,Web-техн. ст.преп. Ермаков М.В. 383,МЛ и ТА ст.преп. Пашкевич А.А. 305П,,,,,Математический анализ преп. Щеглаков Д.А. 227,,,,,Линейная алгебра проф. Вахитова Е.В. 380,,АиСД ст. преп. Соломатин Д.И. 316П,,,,,,,,,,,,,,Урмат асс. Некипелов Е.А. 314П,,,,,,,,,,,,,Ин.яз. преп. Гафарова М.Х. 309П,,"Основы матем. теории колебаний
асс. Толкачев А.В. 381",,,,,,,,,,,,,,,,,,,,,Архитектура ИС асс. Попова Е.В. 303П,,,,,,,,,,,,,,,,,,,
,11:30-13:05,Алгебра и геометрия доц. Чуракова Т.А. 380,,,,,,,Web-техн. ст.преп. Ермаков М.В. 295,,,,,Дискретная математика доц. Попов М.И.  305П,Дискретная математика доц. Попов М.И.  305П,,,,Ин.яз. преп. Гавриш О.А. 303П,Алгебра и геометрия доц. Атанов А.В. 385,,,,,Математический анализ преп. Щеглаков Д.А. 227,,"Практ. на ЭВМ по дисц. Програм.-е
 ст.преп. Соломатин Д.И. 382",,Ин.яз. преп. Гафарова М.Х. 309П,Линейная алгебра проф. Вахитова Е.В. 479,,,,Философия ст.преп. Вяткина А.Г.  292,,ЯиСП доц. Михайлюк Е.А. 383,,,,,Электроника асс. Захаров В.И. 420,Ин.яз. доц. Стрельникова М.А. 308П,,,,,Урмат асс. Некипелов Е.А. 290,,,,,ЯиСП ст.преп. Чекмарев А.И. 291,,,Методы выч. в бизнес-прил. доц. Копытин А.В.  477,,,Основы матем. теории колебаний асс. Толкачев А.В. 307П,,,,,,,,,,,,,,,,,,,,,,,,Проектирование ЦС ст.преп. Малыхин А.Ю.  297,Архитектура ИС асс. Попова Е.В. 387,,,Разработка ERP асс. Соломатин А.И. 314П,,,,,"Алгоритмы на строках
проф. Махортов С.Д. 384",МС асс. Швырева А.В. 293,,,,,,СиСТК ст.преп. Коваль А.С. 316П,,Русский язык и культура речи преп. Акованцева Н.В.  505П,
,,,,,,,,Web-техн. ст.преп. Ермаков М.В. 387,Архитектура ЭВМ асс. Попова Е.В. 303П,,,,,,,,,МЛ и ТА ст.преп. Пашкевич А.А. 307П,,,,,,,,,,"Практ. на ЭВМ по дисц. Програм.-е
 ст.преп. Соломатин Д.И.  301П",,,,,,,,,,ЯиСП доц. Михайлюк Е.А. 383,,,,,,,,Урмат асс. Некипелов Е.А. 382,,,,,,,,,Практикум СиАКОД ст.преп. Коротков В.В. 291,,Методы вычислений в бизнес-приложениях доц. Копытин А.В. 381,,,Основы матем. теории колебаний асс. Толкачев А.В. 477,,,,,,,,,,,,,,,,,,,,,,,ОМПТ доц. Борисов Д.Н. 290,,,,,,,,,,,,,,,Русский язык и культура речи преп. Акованцева Н.В. 505П,,СиСТК ст.преп. Коваль А.С. 316П,
,13:25-15:00,,,,,,,,,,,,,,Ин.яз. доц. Стрельникова М.А. 308П,,,Ин.яз. преп. Гавриш О.А.  309П,,АиСД ст.преп. Соломатин Д.И. 382,,,,,Русский язык и культура речи преп. Акованцева Н.В. 437,,Математический анализ асс. Толкачев А.В.  505П,,,Аналитическая геометрия проф. Вахитова Е.В. 479,,,,ЯиСП ст.преп. Чекмарев А.И. 291,,Урмат доц. Попов М.И. 383,,,,,,Методы вычислений доц. Атанов А.В. 385,,,,Философия ст.преп. Вяткина А.Г.  305П,,Организационное и правовое обеспечение информационной безопасности доц. Филиппова Н.В. 477,,,Электротехника доц. Зуев С.А. 307П,Программирование в среде MATLAB доц. Иванков А.Ю. 290,,"Модели безопасности компьютерных систем
доц. Нестеровский О.И. 303П",Практикум СиАКОД ст.преп. Коротков В.В. 293,ВССиТ ст.преп. Коваль А.С. 295,"Методы выч. в бизнес-приложениях
доц. Копытин А.В. 301П",Математическая статистика проф. Клинских А.Ф. 292,,,,,,,,,,,,,,,,,,,,,,,,"Архитектура ИС
асс. Попова Е.В. 387",,,Разработка ERP асс. Соломатин А.И. 314П,МС асс. Швырева А.В. 297,Алг. на строках проф. Махортов С.Д. 384,Алг. на строках проф. Махортов С.Д. 384,,,,,,,,,,ЛОИ доц. Вахтин А.А. 380,,,Квантовая теория информации доц. Борзунов С.В. 381
,,,Ин.яз. доц. Стрельникова М.А. 308П,,,,,,,,,,,,,,,Ин.яз. преп. Гавриш О.А. 309П,,АиСД ст.преп. Соломатин Д.И.  382,,,,,Русский язык и культура речи преп. Акованцева Н.В. 437,,,,Философия Философия преп. Соколова А.Ю. 307П,,,,,,,,,Урмат доц. Попов М.И. 383,,,,ЯиСП доц. Михайлюк Е.А. 293,,Методы вычислений доц. Атанов А.В. 385,,,,,,,,ЯиСП ст.преп. Чекмарев А.И. 291,"Модели безопасности компьютерных систем
доц. Нестеровский О.И. 290",,ВССиТ ст.преп. Коваль А.С. 303П,Практикум СиАКОД ст.преп. Коротков В.В. 295,,,,,,,,,,,,,,,,,,,,,,,,,,,,,,,,,,,,,,,,,,,ЛОИ доц. Вахтин А.А. 381,Квантовая теория информации доц. Борзунов С.В. 380,
,15:10-16:45,,,,,,,,,,,,,,,,,,,,,,,,,,Программирование ст.преп. Соломатин Д.И. 385,,Математический анализ  асс. Прошунин А.С.  305П,Математический анализ доц. Канищева О.И. 477,,,,,,,,,,,,Физическая культура и спорт,,Философия ст.преп. Вяткина А.Г. 291,,Физическая культура и спорт,,Электротехника доц. Зуев С.А. 307П,,"Организационное и правовое обеспечение информационной безопасности
доц. Филиппова Н.В. 479",,"Организационное и правовое обеспечение информационной безопасности
доц. Филиппова Н.В. 479","Модели безопасности компьютерных систем
доц. Нестеровский О.И.  380",,СиАКОД ст.преп. Коротков В.В. 316П,,Програмирование в среде MATLAB доц. Иванков А.Ю.  290,Дифференциальные уравнения доц. Каверина В.К. 292,,,,,,,,,,,,,,,,Квантовая теория доц. Стадная Н.П. 505П,,,,,,,,,,,Архитектура ИС асс. Попова Е.В. 387,,МС асс. Швырева А.В. 383,МС асс. Швырева А.В. 383,,,,,Безопасность компьютерных сетей ст.преп. Коваль А.С. 293,,,,,ЛОИ доц. Вахтин А.А. 301П,,Квантовая теория информации доц. Борзунов С.В. 381,ИБ асс. Паринов П.А. 303П
,,,,,,,,,,,,,,,,,,,,,,,,,,,Философия Философия преп. Соколова А.Ю. 505П,,,,,,,,,,,ЯиСП доц. Михайлюк Е.А. 290,,,,,,,,,,,Электротехника доц. Зуев С.А. 307П,,,,,,ВССиТ ст.преп. Коваль А.С. 316П,,СиАКОД ст.преп. Коротков В.В. 293,,,,,,,,,,,,,,,,,Квантовая теория доц. Стадная Н.П. 385,,,,,,,,,,,,Разработка ERP асс. Соломатин А.И. 314П,,,,,,,,,,,,,,ИБ асс. Паринов П.А. 303П,Алгоритмы коррекции ошибок проф. Клинских А.Ф. 301П
,16:55-18:30,,,,,,,,,,,,,,,,,,,,,,,,,,Математический анализ доц. Канищева О.И. 477,,,,,,,,,,,,,,,,,Физическая культура и спорт,,,,Физическая культура и спорт,,,,,Физическая культура и спорт,,Физическая культура и спорт,,,Физическая культура и спорт,,,,,,,,,,,,,,,,ТЗИ доц. Нестеровский О.И. 301П,,,,,,,,,,,Архитектура ИС асс. Попова Е.В. 303П,,Функциональное программирование асс. Строгонов А.И. 382,,,,,,Безопасность компьютерных сетей ст.преп. Коваль А.С.  291,,,Разработка ERP асс. Соломатин А.И. 314П,,,,Алгоритмы коррекции ошибок проф. Клинских А.Ф. 385,
,,,,,,,,,,,,,,,,,,,,,,,,,,,,,,,,,,,,,,,,,,,,,,,,,,,,,,,,,,,,,,,,,,,,,,,,,,Учебно лабораторный практикум ст.преп. Фролова О.А.  20,ТЗИ доц. Нестеровский О.И. 301П,,,,,,,,,,Разработка ERP асс. Соломатин А.И. 314П,,,Функциональное программирование асс. Строгонов А.И. 382,,,,,,,,,,,,Алгоритмы коррекции ошибок проф. Клинских А.Ф. 380,
,18:40-20:00,,,,,,,,,,,,,,,,,,,,,,,,,,,,Правовые основы прикладной информатики проф. Артемов М.А. 505П,,,,,,,,,,,,,,,,,,,ЯиСП доц. Михайлов Е.М. 385,,,,,,,,,ВССиТ ст.преп. Коваль А.С. 291,,,,,,,,,,,,,,,,,ТЗИ доц. Нестеровский О.И. 301П,,,,,,,,,,,,,,,,,,,,,,Разработка ERP асс. Соломатин А.И. 314П,,,,,
,,,,,,,,,,,,,,,,,,,,,,,,,,,,,,,,,,,,,,,,,,,,,,,,,,,,,,,,,ВССиТ ст.преп. Коваль А.С. 291,,,,,,,,,,,,,,,,,,ТЗИ доц. Нестеровский О.И. 301П,,,,,,,,,,,,,,,,,,,,,,,,,,
,20:10-21:30,,,,,,,,,,,,,,,,,,,,,,,,,,,,,,,,,,,,,,,,,,,,,,,,,,,,,,,,,,,,,,,,,,,,,,,,,,,,,,,,,,,,,,,,,,,,,,,,,,,,
,,,,,,,,,,,,,,,,,,,,,,,,,,,,,,,,,,,,,,,,,,,,,,,,,,,,,,,,,,,,,,,,,,,,,,,,,,,,,,,,,,,,,,,,,,,,,,,,,,,,,
,,,,,,,,,,,,,,,,,,,,,,,,,,,,,,,,,,,,,,,,,,,,,,,,,,,,,,,,,,,,,,,,,,,,,,,,,,,,,,,,,,,,,,,,,,,,,,,,,,,,,
Вторник,8:00 - 9:35,,,,,,,,,,,,,,,Алгебра и геометрия доц. Атанов А.В. 479,,,,,,Ин.яз. доц. Вострикова И.Ю. 309П,Экономика доц. Павлова Е.А. 477,,,,,,"СПЭД и ОП
ст.преп. Копытина Е.А. 303П",Ин.яз. преп. Гафарова М.Х. 308П,,Экономика и финансовая грамотность доц. Дайнеко В.Г.  292,,Основы ОС Unix  (id=2207) проф. Савинков А.Ю.  (ДО),,,,,,,,Основы ОС Unix  (id=2207) проф. Савинков А.Ю. (ДО),,,,,,,,,,,Разработка приложений на С++  (id=5119) доц. Дрюченко М.А. (ДО),,,,,,,,,,,,"Программирование в 1С
асс. Ситников А.В. (ДО)","Программирование в 1С
асс. Ситников А.В. (ДО)",,,,,,,,УЦ,,"Программирование в 1С
асс. Ситников А.В. (ДО)","Программирование в 1С
асс. Ситников А.В. (ДО)",,,,,,,,,,,,МС асс. Швырева А.В. 291,,,,,Параллельные алгоритмы обработки данных доц. Фертиков В.В. 383,,Управление проектами асс. Сафонов В.Г. 314П,,,,,
,,,,,,,,,,,,,,,,,,,,,Ин.яз. доц. Вострикова И.Ю. 309П,,,,Ин.яз. преп. Гафарова М.Х. 308П,,"СПЭД и ОП
ст.преп. Копытина Е.А. 316П","СПЭД и ОП
ст.преп. Копытина Е.А. 316П",,Математический анализ асс. Прошунин А.И. 505П,,,,,,,,,,,,,,,,,,,,,,,,,,,,Архитектура ЭВМ (id=3) доц. Толстобров А.П. (ДО) ,,,,,,,Программирование в 1С асс. Ситников А.В. (ДО),,,,,,,,,,,Программирование в 1С асс. Ситников А.В. (ДО),,,,,,,,,,,,,,,,,,,,,,,,,
,9:45 - 11:20,,,,,,,,,,,,Web-техн. ст.преп. Ермаков М.В. 295,,,Математический анализ ст.преп. Пашкевич А.А. 380,,,Язык Си ст.преп. Малыхин А.Ю. 301П,Ин.яз. преп. Гафарова М.Х. 309П,Алгебра и геометрия доц. Чуракова Т.А. 505П,,,,Дискретная математика ст.преп. Балашева С.Ю. 318,,Алгебра и геометрия доц. Атанов А.В.  479,,,Экономика и финансовая грамотность доц. Дайнеко В.Г.  292,,Математический анализ асс. Толкачев А.В.  477,,Философия  (id=9853) ст.преп. Вяткина А.Г. (ДО),,,,,,,,Философия (id=9853) ст.преп. Вяткина А.Г. (ДО),,,,,,,,,,,,,,,,Архитектура ЭВМ (id=3) доц. Толстобров А.П. (ДО) ,,,,,,,Программирование в 1С  (id=919616# )  асс. Ситников А.В. (ДО),,,,,,Экономика (id=2163) доц. Павлова Е.А. (ДО),,,,,Программирование в 1С асс. Ситников А.В. (ДО),,Интеллектуальные системы (id=20) доц. Илларионов И.В. (ДО),,,,,,,,"Архитектура ИС
асс. Попова Е.В. 383",,,"Разработка и АТ 
доц. Вахтин А.А. 316П","Разработка и АТ
доц. Вахтин А.А. 316П",,,МС асс. Швырева А.В. 382,Основы построения защищенных баз данных доц. Ляликова В.Г. 216,,Управление проектами асс. Сафонов В.Г. 314П,,"Дифференциальная геометрия и топология
ст.преп. Попова А.Е. 307П",,,
,,,,,Ин.яз. доц. Вострикова И.Ю. 309П,,,,,Язык Си доц. Фертиков В.В. 293,Web-техн. ст.преп. Ермаков М.В. 295,"Основы права и антикоррупционного законодательства
доц. Панюшкина О.В. 305П",,,,,,Язык Си ст.преп. Малыхин А.Ю. 301П,,,,,,,,,,,,,,,,,,,,,,,,,,,,,,Культурология (id=25813) преп. Гаршин Н.А. (ДО),,,,,,,Культурология (id=25813) преп. Гаршин Н.А. (ДО),,,Культурология (id=25813) преп. Гаршин Н.А. (ДО),,,,,,,,,,,,,,,,,,,,,,,,,,,,,,,,,,,,,,Теория систем и системный анализ асс. Сафонов В.Г. 314П,,,,,
,11:30-13:05,,,,Ин.яз. доц. Вострикова И.Ю. 309П,,АиСД ст.преп. Соломатин Д.И. 290,,,Web-техн. ст.преп. Ермаков М.В. 387,Язык Си доц. Фертиков В.В. 295,Алгебра и геометрия доц. Чуракова Т.А. 307П,,,,Ин.яз. преп. Гафарова М.Х. 308П,Язык Си ст.преп. Малыхин А.Ю. 301П,Дискретная математика доц. Попов М.И.  505П,Дискретная математика доц. Попов М.И.  505П,Культурология преп. Гаршин Н.А. 291,ТФКП доц.  Киселев Е.А. 479,,,,Дискретная математика доц. Азарнова Т.В. 319,,Экономика доц. Павлова Е.А. 477,,Экономика доц. Павлова Е.А. 477,Математический анализ асс. Прошунин  А.И. 380,,Линейная алгебра проф. Вахитова Е.В. 305П,,Уравнения математической физики и специальные функции (id=4014) доц. Крыловецкий А.А. (ДО),,,,,,,,Уравнения математической физики и специальные функции  (id=4014) доц. Крыловецкий А.А. (ДО),,,,,,Программирование в среде MATLAB (id=4011) доц. Иванков А.Ю. (ДО),,,,,ТВиМС преп. Голованов Д.Ю. 227,,Програмирование в среде MATLAB (id=4011) доц. Иванков А.Ю. (ДО),,,Уравнения математической физики (id=4014) доц. Крыловецкий А.А. (ДО),,,,,,ЯП С++ ст.преп. Лысачев П.С. (ДО),SAP R3 (id=3107) доц. Илларионов И.В. (ДО),,Язык программирования С++ ст.преп. Лысачев П.С. (ДО),,Язык программирования С++ ст.преп. Лысачев П.С. (ДО),,Методы оценки безопасности компьютерных систем доц. Вялых С.А. (ДО),,,,,,,Теория информации (id=3432) доц. Борзунов С.В. (ДО),,,,ССД доц. Сычев А.В. 383,МС асс. Швырева А.В. 314П,НСТОИ доц. Митрофанова Е.Ю. 385,Програм. ERP асс. Сафонов В.Г. 384,Архитектура ИС асс. Попова Е.В. 316П,,,Разработка и АТ доц. Вахтин А.А. 292,,Разработка и АТ доц. Вахтин А.А. 292,,КОЗИОИ доц. Нестеровский О.И. 303П,,,"ОТУ
доц. Алейникова Н.А. 293",ИНСиГА асс. Отырба Р.С. 297,Управление проектами доц. Киселев С.С. 382,,,
,,,,,,АиСД ст.преп. Соломатин Д.И. 290,Web-техн. ст.преп. Ермаков М.В. 295,,,"Основы права и антикоррупционного законодательства
доц. Панюшкина О.В. 316П",,,,Архитектура ЭВМ асс. Попова Е.В. 383,,Язык Си ст.преп. Малыхин А.Ю. 387,Ин.яз. преп. Гафарова М.Х. 308П,,,,,Ин.яз. доц. Вострикова И.Ю. 309П,,АиСД асс. Нужных А.В. 381,,,,,,,,Математический анализ асс. Толкачев А.В. 305П,,,,,,,,,,,,,,,,ОиПОИБ (id=4067) доц. Филиппова Н.В. (ДО),,,,,ОиПОИБ (id=4067) доц. Филиппова Н.В. (ДО),,,,,,,,,"Технологии интернет вещей (id=15635)
доц. Зуев С.А. (ДО)","Технологии интернет вещей (id=15635)
доц. Зуев С.А. (ДО)",,,,,,,,,,,,,,,,,,,ССД доц. Сычев А.В. 291,,,,Програм. ERP асс. Сафонов В.Г. 384,,,,,,,,,,,,Проектирование пользовательских интерфейсов ст.преп. Максимов А.В. 479,,Управление проектами доц. Киселев С.С. 382,
,13:25-15:00,,,,Ин.яз. доц. Вострикова И.Ю. 309П,Web-техн. ст.преп. Ермаков М.В. 295,,Ин.яз. преп. Семенов В.П. 308П,,Алгебра и геометрия доц. Чуракова Т.А. 380,,Архитектура ЭВМ асс. Попова Е.В. 383,,Математический анализ ст.преп. Пашкевич А.А. 479,,Дискретная математика доц. Попов М.И.  505П,Дискретная математика доц. Попов М.И.  505П,Культурология преп. Гаршин Н.А. 305П,,Язык Си ст.преп. Малыхин А.Ю. 301П,Экономика доц. Павлова Е.А. 477,,ДМ асс. Толкачев А.В. 292,,Физическая культура и спорт,,Физическая культура и спорт,,,Физическая культура и спорт,,,,Методы вычислений (id=4015) доц. Крыловецкий А.А. (ДО),,,,,,,,Методы вычислений (id=4015) доц. Крыловецкий А.А. (ДО),,,,,,Методы вычислений (id=4015) доц. Крыловецкий А.А. (ДО),,,,,ТВиМС преп. Голованов Д.Ю. 227,,,,,Численные методы (id=4015) доц. Крыловецкий А.А. (ДО),,,,Квантовая теория (id=3978) проф. Запрягаев С.А. (ДО),,,,,,,,,Квантовая теория (id=3978) проф. Запрягаев С.А. (ДО),,,,,,,Квантовые вычисления (id=16239) проф. Клинских А.Ф. (ДО),,,,ССД доц. Сычев А.В. 291,ОМТС проф. Савинков А.Ю. 387,НСТОИ доц. Митрофанова Е.Ю. 385,Програм. ERP асс. Сафонов В.Г. 384,Програм. ERP асс. Сафонов В.Г. 384,,,"Алгоритмы на строках
проф. Махортов С.Д. 316П","Алгоритмы на строках
проф. Махортов С.Д. 316П","Разработка и АТ 
доц. Вахтин А.А. 314П",,КОЗИОИ доц. Нестеровский О.И. 303П,,,ИНСиГА асс. Отырба Р.С. 297,"ОТУ
доц. Алейникова Н.А. 293",ИБ асс. Паринов П.А. 290,ППИ ст.преп. Максимов А.В. 382,"Дифференциальная геометрия и топология
ст.преп. Попова А.Е. 307П",
,,,,АиСД асс. Нужных А.В. 382,,"Основы права и антикоррупционного законодательства
доц. Панюшкина О.В. 305П",,,,,,Web-техн. ст.преп. Ермаков М.В. 303П,Ин.яз. преп. Гавриш О.А. 309П,,,,,АиСД ст.преп. Соломатин Д.И. 383,,,,,,,,,,,,,,,,Языки и системы программирования (id=4070) ст.преп. Чекмарев А.И. (ДО),,,,,,,,Языки и сист. програм. (id=4070) ст.преп. Чекмарев А.И. (ДО),,,,,,Языки и сист. програм. (id=4070) ст.преп. Чекмарев А.И. (ДО),,,,,,,"Вычислительные системы, сети и телекоммуникации (id=2215)  ст.преп. Коваль А.С. (ДО)",,,Алгоритмы томографии (id=5475) доц. Минин Л.А. (ДО),,,,,,,,,,,,,,,,,,,,,,,,,,Архитектура ИС асс. Попова Е.В. 385,,,,,,,,КОЗИОИ доц. Нестеровский О.И. 301П,,,,,,ППИ ст.преп. Максимов А.В. 295,ИБ асс. Паринов П.А. 290,,
,15:10-16:45,Физическая культура и спорт,,,,,,,,,,,,Математический анализ доц. Минин Л.А. 477,,,,,,,ДМ асс. Толкачев А.В. 292,,ТФКП ст.преп. Пашкевич А.А. 305П,,Алгоритмы и структуры данных доц. Михайлова Е.Е. 380,(ДО),,Ин.яз. преп. Семенов В.П. 308П,,,,,,Теория информационных процессов и систем (id=25794) проф. Десятирикова Е.Н. (ДО),,,,,,,,Теория информационных процессов и систем (id=25794) проф. Десятирикова Е.Н. (ДО),,,,,,Теория информационных процессов и систем (id=25794)  проф. Десятирикова Е.Н. (ДО),,,,,ТВиМС преп. Голованов Д.Ю. 227,,Структуры и алгоритмы компьютерной обработки данных (id=619789)  ст.преп. Коротков В.В. (ДО),,,Основы математической теории колебаний (id=4563) доц. Мелешенко П.А. (ДО),,,,Информационные технологии (ИТ) (id=17950) доц. Вахтин А.А. (ДО),,,,,,,Информационные технологии (ИТ ) (id=17950) доц. Вахтин А.А. (ДО),,Информационные технологии (ИТ) (id=17950) доц. Вахтин А.А. (ДО),,,,,,,Теория управления (id=3964) ст.преп. Акимов А.В. (ДО),,,,ССД доц. Сычев А.В. 291,ОМТС проф. Савинков А.Ю. 314П,Архитектура ИС асс. Попова Е.В. 385,МС асс. Швырева А.В. 293,,Алг. на строках проф. Махортов С.Д. 297,,Основы права и антикоррупционного законодательства преп. Лаврёнов Н.А.  307П,,,КОЗИОИ доц. Нестеровский О.И. 295,,,,ИБ асс. Паринов П.А. 303П,ИНСиГА асс. Отырба Р.С. 301П,Русский язык и культура речи доц. Саломатина М.С. 505П,,,
,,,,,,,,,,,,,,,,,,,,,,,,,,,,,Программирование ст.преп. Соломатин Д.И. 383,,,Ин.яз. преп. Семенов В.П. 308П,,,,,,,,,,,,,,,,,,,,,,,,,,,,,,,,,,,,,,,,,,,,,,,,,,,ОМТС проф. Савинков А.Ю. 384,,,,,Алг. на строках проф. Махортов С.Д. 297,,,Основы права и антикоррупционного законодательства преп. Лаврёнов Н.А.  307П,,,,,ИНСиГА асс. Отырба Р.С. 301П,ИБ асс. Паринов П.А. 303П,,,,
,16:55-18:30,Язык Си ст.преп. Малыхин А.Ю. 382,АиСД асс. Нужных А.В. 293,Архитектура ЭВМ асс. Попова Е.В. 291,,,,ТФКП доц. Некрасова Н.Н. 307П,,,,АиСД ст.преп. Соломатин Д.И. 316П,,Физическая культура и спорт,,,,,,,Физическая культура и спорт,,,,Web-технологии доц. Сычев А.В. 303П,,,,,,,,,,,,,,,,,,,,,,,Электротехника (id=3505) доц. Зуев С.А. (ДО),,,,,,,,,,,,,,Технологии программирования (ТП) ст.преп. Тарасов В.С. (ДО),,,,,,,ТП ст.преп. Тарасов В.С. (ДО),,,,,,,,,,,,,МС асс. Швырева А.В. 290,ОМТС проф. Савинков А.Ю. 383,ИБиЗИ асс. Паринов П.А. 295,,,Функциональное программирование асс. Строгонов А.И.  301П,,,,,,,,,,,Основы права и антикоррупционного законодательства преп. Лаврёнов Н.А.  380,,,
,,Архитектура ЭВМ асс. Попова Е.В.  301П,Язык Си ст.преп. Малыхин А.Ю. 291,"Основы права и антикоррупционного законодательства
доц. Панюшкина О.В. 292",,,,,,,,,,,,,,,,,,,,,,,,,,,,,,,,,,,,,,,,,,,,Гум. информационной безопасности (id=4715) доц. Филиппова Н.В. (ДО),,,,,,,,,,,,,,,,,,,,,,,,,,,,,,,,,,,,,,,,Функциональное программирование асс. Строгонов А.И. 303П,,,,,,,,Теория систем и системный анализ асс. Сафонов В.Г. 316П,,,,,
,18:40-20:00,Дискретная математика асс. Стукалова И.В. 305П,,АиСД асс. Нужных А.В. 382,Архитектура ЭВМ асс. Попова Е.В.  301П,,,Язык Си ст.преп. Малыхин А.Ю. 291,,,,,,,,,,,,,,,,,,,,,,,,,,,,,,,,,,,,,,,,,,,,,,,,,,,,,,,,,,,,,,,,,,,,,,,,,,,ИБиЗИ асс. Паринов П.А. 290,МС асс. Швырева А.В. 295,,,,,,,,,,,,,,,,,
,,,,Архитектура ЭВМ асс. Попова Е.В.  301П,,,,,Язык Си ст.преп. Малыхин А.Ю. 291,,,,,,,,,,,,,,,,,,,,,,,,,,,,,,,,,,,,,,,,,,,,,,,,,,,,,,,,,,,,,,,,,,,,,,,,,,,,,,,,,,,,,,,,,,,,
,20:10-21:30,,,,,,,,,,,,,,,,,,,,,,,,,,,,,,,,,,,,,,,,,,,,,,,,,,,,,,,,,,,,,,,,,,,,,,,,,,,,,,,,,,,,,,,,,,,,,,,,,,,,
,,,,,,,,,,,,,,,,,,,,,,,,,,,,,,,,,,,,,,,,,,,,,,,,,,,,,,,,,,,,,,,,,,,,,,,,,,,,,,,,,,,,,,,,,,,,,,,,,,,,,
,,,,,,,,,,,,,,,,,,,,,,,,,,,,,,,,,,,,,,,,,,,,,,,,,,,,,,,,,,,,,,,,,,,,,,,,,,,,,,,,,,,,,,,,,,,,,,,,,,,,,
Среда,8:00 - 9:35,Алгоритмы и структуры данных (id=5509)  ст.преп. Соломатин Д.И. (ДО),,,,,,,,,,,,Алгоритмы и структуры данных (id=5509) ст.преп. Соломатин Д.И. (ДО),,,,,,,Алгоритмы и структуры данных (id=5509) ст.преп. Соломатин Д.И. (ДО),,,,,,Программирование (id=5509) ст.преп. Соломатин Д.И. (ДО),,,Алгоритмы и структуры данных (id=5509)  ст.преп. Соломатин Д.И. (ДО),,,,Ин.яз. доц. Стрельникова М.А. 308П,Unix ст.преп. Копытина Е.А.  290,,,,,,,,,,,,,,,,,,УЦ,,,,,"Архитектура ЭВМ
асс. Попова Е.В. 303П",Ин.яз. преп. Гафарова М.Х. 301П,Ин.яз. преп. Семенов В.П. 309П,,,,,,,,,,,,,,,,,,,,,,,,,ИБиЗИ асс. Паринов П.А. (ДО),ИБиЗИ асс. Паринов П.А. (ДО),,,,,,,,"Безопасность жизнедеятельности Пушкинская, 16, (id=5682) Скоробогатова, (ДО)",,,,,,,
,,,,,,,,,,,,,,,,,,,,,,,,,,,,,,,,,,Unix ст.преп. Копытина Е.А.  382,,,,,,,,,,,,,,,,,,,,,Организация бизнес-процессов доц. Абрамов И.В.  290,,,Дифференциальные уравнения доц. Атанов А.В. 477,,,,,,,,,,,,,,,,Квантовая теория доц. Стадная Н.П. 505П,,,,,,,,,,,,,,,,,,,,,,,,,,,
,9:45 - 11:20,Web-технологии (id=3213) доц. Сычев А.В. (ДО),,,,,,,,,,,,Web-технологии (id=3213) доц. Сычев А.В. (ДО),,,,,,,Web-технологии (id=3213) доц. Сычев А.В. (ДО),,,,Web-технологии (id=3213) доц. Сычев А.В. (ДО),,СПЭД и офисное программирование (id=5217) ст.преп. Копытина Е.А. (ДО),,,Экономика и финансовая грамотность (id=20106) доц. Дайнеко В.Г. (ДО),,,,МиО асс. Некипелов Е.А. 477,,,,,,Электроника асс. Захаров В.И. 420,,Ин.яз. доц. Стрельникова М.А. 308П,,,Ин.яз. преп. Гафарова М.Х. 303П,,,,Методы вычислений асс. Бородин А.В. 297,,,Программирование в среде MATLAB доц. Иванков А.Ю. 293,,,Ин.яз. доц. Барабушка И.А. 309П,Ин.яз. преп. Семенов В.П. 301П,,"Алгоритмы томографии
доц. Киселев Е.А. 384","Основы матем. теории колебаний
асс. Толкачев А.В. 381","Архитектура ЭВМ
асс. Попова Е.В. 385",,Техн. интернет вещей доц. Зуев С.А. 307П,,,,,,,,,СЦВЗ доц. Митрофанова Е.Ю. 316П,,,Защита в операционных системах проф. Савинков А.Ю. 314П,,"Проектирование ИС
ст.преп. Ермаков М.В. 295",,ФИТ доц. Крыловецкая Т.А. 305П,,,,,,,Програм. ERP  (id=2755) доц. Илларионов И.В. (ДО),,"Функциональное программирование асс. Строгонов А.И. (ДО)
(ДО)",,,,,,,"Безопасность жизнедеятельности Пушкинская, 16,  (id=5682)  Скоробогатова, (ДО)",,,,,,,
,,Язык программирования Си (id=4746) доц. Фертиков В.В. (ДО),,,,,,,,,,,,Язык программирования Си (id=4746) доц. Фертиков В.В. (ДО),,,,,,,Экономика (id=17661) доц. Павлова Е.А. (ДО),,,,Ин.яз. преп. Гафарова М.Х. 301П,,Экономика (id=17661) доц. Павлова Е.А. (ДО),,,,,,,Методы вычислений асс. Некипелов Е.А.  385,Ин.яз. доц. Стрельникова М.А. 308П,,,,,,,Unix ст.преп. Копытина Е.А. 291,,,,,,,,Культурология преп. Гаршин Н.А. 292,,,,,,Ин.яз. преп. Семенов В.П. 309П,Организация бизнес-процессов доц. Абрамов И.В.  290,СТП (Си) доц. Хлебостроев В.Г. 383,"Алгоритмы томографии
доц. Киселев Е.А. 384",Дифференциальные уравнения доц. Атанов А.В. 477,,,,,,,,,,,,,,,,,"Проектирование ИС
ст.преп. Ермаков М.В. 295",ФИТ доц. Крыловецкая Т.А. 305П,ФИТ доц. Крыловецкая Т.А. 305П,Линейная алгебра в гильбертовом пространстве проф. Клинских А.Ф. 382,,Проект. ЦС (id=2994) ст.преп. Малыхин А.Ю. (ДО),ОМПТ (id=4609) доц. Борисов Д.Н. (ДО),НСТОИ (id=2546) доц. Митрофанова Е.Ю. (ДО) ,,,,,,,,,,,,ИНСиГА (id=2546) доц. Митрофанова Е.Ю. (ДО) ,,,,,
,11:30-13:05,Дискретная математика (id=15504) проф. Кургалин С.Д. (ДО),,,,,,,,,,,,Культурология (id=25810) преп. Гаршин Н.А. (ДО),,,,,,,,,,,,,Философия (id=9854) ст.преп. Вяткина А.Г. (ДО),,,Философия (id=9854) ст.преп. Вяткина А.Г. (ДО),,,,Методы вычислений асс. Некипелов Е.А.  316П,,,,,Ин.яз. доц. Барабушка И.А. 309П,Unix ст.преп. Копытина Е.А. 291,,Проектирование ЧМИ доц. Туровский Я.А. 190,,,Электроника асс. Захаров В.И. 420,Ин.яз. доц. Стрельникова М.А. 301П,Методы вычислений доц. Атанов А.В. 293,Программирование в среде MATLAB доц. Иванков А.Ю. 290,,,Методы вычислений асс. Бородин А.В. 385,Электротехника доц. Зуев С.А. 307П,,,Методы вычислений в бизнес-приложениях доц. Копытин А.В. 314П,,Ин.яз. преп. Семенов В.П. 308П,,"Архитектура ЭВМ
асс. Попова Е.В. 295","Алгоритмы томографии
доц. Киселев Е.А. 303П",СТП (Си) доц. Хлебостроев В.Г. 381,ТП преп. Зенин К.В. 383,ИТ доц. Вахтин А.А. 297,,,,,,Физика доц. Крыловецкая Т.А. 305П,,СиСПИ доц. Самодуров А.С. 384,,Экономика доц. Павлова Е.А. 380,СЦВЗ доц. Митрофанова Е.Ю. 382,,Проектирование ИС ст.преп. Ермаков М.В. 292,,Функциональный анализ Прошунин А.И. 477,,Линейная алгебра в гильбертовом пространстве проф. Клинских А.Ф. 505П,,Проектирование ЦС (id=2994) ст.преп. Малыхин А.Ю.  (ДО),ОМПТ (id=4609) доц. Борисов Д.Н. (ДО),НСТОИ  (id=2546) доц. Митрофанова Е.Ю. (ДО),Програм. ERP (id=2755) доц. Илларионов И.В. (ДО),,"Функциональное программирование асс. Строгонов А.И.
(ДО)",,,МС (id=2210) асс. Швырева А.В. (ДО),,,,,,ИНСиГА (id=2546)  доц. Митрофанова Е.Ю. (ДО) ,,Дифференциальная геометрия и топология (id=4327) ст.преп. Попова А.Е. (ДО),,,
,,,,,,,,,,,,,,,,,,,,,,,,,Математический анализ доц. Виноградова Г.А. 318,,,,,,,,,Урмат доц. Попов М.И. 291,,,,,,Unix ст.преп. Копытина Е.А. 293,Методы вычислений асс. Некипелов Е.А.  384,Ин.яз. доц. Стрельникова М.А. 308П,Методы вычислений доц. Атанов А.В. 297,,,,,,,Электротехника доц. Зуев С.А. 307П,,Культурология преп. Гаршин Н.А. 292,,,Ин.яз. доц. Барабушка И.А. 309П,Методы вычислений в бизнес-приложениях доц. Копытин А.В.  314П,Ин.яз. преп. Семенов В.П. 301П,,СТП (Си) доц. Хлебостроев В.Г. 381,"Основы матем. теории колебаний
асс. Толкачев А.В. 316П","Алгоритмы томографии
доц. Киселев Е.А. 303П",ИТ доц. Вахтин А.А. 295,ТП преп. Зенин К.В. 383,,,,,,,,СиСПИ доц. Самодуров А.С. 387,,,,,Проектирование ИС ст.преп. Ермаков М.В. 479,,,,,,,,,,,,,,,,,,,,,,,,,
,13:25-15:00,"Основы права и антикоррупционного законодательства  (id=6826),  (id=18417)

доц. Панюшкина О.В. (ДО)",,,,,,,,,,,,,,,,,,,"Основы права и антикоррупционного законодательства (id=6826#section-18), (id=18417)
 доц. Панюшкина О.В. (ДО)",,,,Математический анализ доц. Виноградова Г.А. 318,,Правовые основы прикладной информатики (id=25823) проф. Артемов М.А. (ДО),,,,,,,,Методы вычислений асс. Некипелов Е.А.  295,,ЯиСП доц. Михайлюк Е.А. 384,Ин.яз. доц. Барабушка И.А. 309П,Урмат доц. Попов М.И. 293,,Unix ст.преп. Копытина Е.А. 301П,Электроника асс. Захаров В.И. 420,Ин.яз. доц. Стрельникова М.А. 308П,Проектирование ЧМИ доц. Туровский Я.А. 190,,Методы вычислений доц. Атанов А.В. 383,,Программирование в среде MATLAB доц. Иванков А.Ю. 290,,Методы вычислений асс. Бородин А.В. 385,,,,,"Методы выч. в бизнес-приложениях
доц. Копытин А.В. 291",,Практикум СиАКОД ст.преп. Коротков В.В. 314П,Алгоритмы томографии доц. Киселев Е.А. 316П,,СТП (Си) доц. Хлебостроев В.Г. 381,"Архитектура ЭВМ
асс. Попова Е.В. 303П","Обработка изображений
доц. Фертиков В.В. 297","Сетевая подсистема Linux
проф. Савинков А.Ю. 387",,Решение бизнес-задач предприятия проф. Матвеев М.Г. 505П,,,,Физика доц. Крыловецкая Т.А. 479,,Экономика доц. Павлова Е.А. 380,,СЦВЗ доц. Митрофанова Е.Ю. 382,Физическая культура и спорт,Физическая культура и спорт,Физика доц. Крыловецкая Т.А. 479,,Физика информационных технологий доц. Крыловецкая Т.А. 479,,Функциональный анализ Прошунин А.И. 477,,Информационная безопасность доц. Нестеровский О.И. (ДО),,,,,,,Информационная безопасность доц. Нестеровский О.И. (ДО),,,,,Основы построения защищенных баз данных ст.преп. Крыжановская Ю.А. 11,,Информационная безопасность доц. Нестеровский О.И. (ДО),,Информационная безопасность доц. Нестеровский О.И. (ДО),,,
,,,,,,,,,,,,,,,,,,,,,,,,,,,,,,,,,,,Урмат доц. Попов М.И. 303П,ЯиСП доц. Михайлюк Е.А. 384,,,Unix ст.преп. Копытина Е.А. 381,Методы вычислений асс. Некипелов Е.А.  301П,,,,,"Проектирование ЧМИ
доц. Туровский Я.А. 190",Методы вычислений доц. Атанов А.В. 295,,Культурология преп. Гаршин Н.А. 305П,,,Программирование в среде MATLAB доц. Иванков А.Ю. 290,Ин.яз. доц. Барабушка И.А. 309П,,,,,Практикум СиАКОД ст.преп. Коротков В.В. 314П,Современные технологии программирования (Си) доц. Хлебостроев В.Г. 292,,,,"Обработка изображений
доц. Фертиков В.В. 297",Техн. интернет вещей доц. Зуев С.А. 307П,,,,ИТ доц. Вахтин А.А. 316П,ИТ доц. Вахтин А.А. 316П,,,,,,,,,,,,,,,,,,,,,,,,,,,,,,,,,
,15:10-16:45,,,,,,,,,,,,,,,,,,,,,,,,Алгоритмы и структуры данных доц. Михайлова Е.Е. 295,,,,,,,,,Механика и оптика (МиО) доц. Киселев Е.А. 477,,,,,,,,ЯиСП доц. Михайлюк Е.А. 384,,Unix ст.преп. Копытина Е.А. 383,,Электроника асс. Захаров В.И. 420,,Физическая культура и спорт,,,,,,,Физическая культура и спорт,,,Физическая культура и спорт,,,,Физическая культура и спорт,,,,,,,Физическая культура и спорт,,Физическая культура и спорт,,,Методы и стандарты оценки защищенности компьютерных систем проф. Храмов В.Ю.  проф. Храмов В.Ю. 380,,Физика  доц. Крыловецкая Т.А. 305П,,Функциональный анализдоц. Канищева О.И. 505П,,,,Информационная безопасность доц. Нестеровский О.И. (ДО),,,,,,,Информационная безопасность доц. Нестеровский О.И. (ДО),,,,,СЦВЗ доц. Митрофанова Е.Ю. 382,,Информационная безопасность доц. Нестеровский О.И. (ДО),,Информационная безопасность доц. Нестеровский О.И. (ДО),,,
,,,,,,,,,,,,,,,,,,,,,,,,,,,,,,,,,,,,,,,,,,"Проектирование ЧМИ
доц. Туровский Я.А. 190",ЯиСП доц. Михайлюк Е.А. 314П,Unix ст.преп. Копытина Е.А. 291,,,,,,,,,,,,,,,,,,,,,,,,,,,,,,,,,,,,,,,,,,,,,,,,,,,,,,Информационная безопасность доц. Нестеровский О.И. (ДО),,,
,16:55-18:30,,,,,,,,,,,,,,,,,,,,,,,,,,,,,,,,,Физическая культура и спорт,,,,,,,,Физическая культура и спорт,,,,,,,,,,,,,,,,,,,,Параллельные алг. обработки данных (ПАОД) доц. Фертиков В.В. 292,,ЯП Java ст.преп. Самойлов Н.К. 477,,,,,,,,,,,,Физическая культура и спорт,,Физическая культура и спорт,,,,,,,,,,,,,,,,Параллельные алгоритмы обработки данных доц. Фертиков В.В. 292,,Основы права и антикоррупционного законодательства  (id=18417) преп. Лаврёнов Н.А.  (ДО),,,,,
,,,,,,,,,,,,,,,,,,,,,,,,,,,,,,,,,,,,,,,,,,,,,,,,,,,,,,,,,,,,,,,,,,,,,,,,,,,,,,,,,,,,,,,,,,,,,,,,,,,,Основы права и антикоррупционного законодательства (id=18417)  преп. Лаврёнов Н.А.  (ДО) ,
,18:40-20:00,Архитектура ЭВМ (id=3) доц. Толстобров А.П. (ДО),,,,,,,,,,,,Архитектура вычислительных систем (id=3) доц.Толстобров А.П. (ДО),,,,,,,Аппаратные средства вычислительной техники (id=2) доц.Толстобров А.П. (ДО),,,,,,,,,,,,,,,,,,,,,,,,,,,,,,,,,,,,,,,,,,,,,,,,,,,,,,,Язык программирования Java ст.преп. Гавшин А.Л. 477,,,,,,,,,,,,,,,,,,,,,,,,,
,,,,,,,,,,,,,,,,,,,,,,,,,,,,,,,,,,,,,,,,,,,,,,,,,,,,,,,,,,,,,,,,,,,,,,,,,,,,Язык программирования Java ст.преп. Гавшин А.Л. 316П,,,,,,,,,,,,,,,,,,,,,,,,,
,20:10-21:30,,,,,,,,,,,,,,,,,,,,,,,,,,,,,,,,,,,,,,,,,,,,,,,,,,,,,,,,,,,,,,,,,,,,,,,,,,,,,,,,,,,,,,,,,,,,,,,,,,,,
,,,,,,,,,,,,,,,,,,,,,,,,,,,,,,,,,,,,,,,,,,,,,,,,,,,,,,,,,,,,,,,,,,,,,,,,,,,,,,,,,,,,,,,,,,,,,,,,,,,,,
,,,,,,,,,,,,,,,,,,,,,,,,,,,,,,,,,,,,,,,,,,,,,,,,,,,,,,,,,,,,,,,,,,,,,,,,,,,,,,,,,,,,,,,,,,,,,,,,,,,,,
Четверг,8:00 - 9:35,,,,,,,,,Дискретная математика асс. Стукалова И.В. 380,,,АиСД ст.преп. Соломатин Д.И. 301П,Архитектура ЭВМ асс. Попова Е.В. 303П,,Ин.яз. преп. Гафарова М.Х. 309П,,,,,Ин.яз. доц. Вострикова И.Ю. 308П,,,,УЦ,,,,,Математическая логика проф. Лобода А.В. 505П,,,,Военная подготовка,,,,,,,,,,,,,,,,,,,Разработка приложений на С++ доц. Дрюченко М.А. 290,,Военная подготовка,,,,,,,,,,,,ИСиС ст.преп. Коваль А.С. 293,Язык программирования С++  асс. Борисов А.Д. 295,Основы автоматизированного проектирования проф. Чижов М.И. 384,ТП преп. Зенин К.В. 382,,,,,Защита в операционных системах проф. Савинков А.Ю. 291,,,,,,,Военная подготовка,,,,,,,,,,,,,,Военная подготовка,,,,,
,,,,,,,,,,,,Архитектура ЭВМ асс. Попова Е.В. 316П,,,,,,,,,,,Алгебра и геометрия ст.преп. Пашкевич А.А. 307П,,,,Алгебра и геометрия доц. Атанов А.В. 477,,,,,,,,,,,,,,,,,,,,,,,,,,,,,,,,,,,КТ доц. Стадная Н.П.  303П,,,,,ИСиС ст.преп. Коваль А.С. 383,,ТП преп. Зенин К.В. 382,Основы автоматизированного проектирования проф. Чижов М.И. 384,,,,,,,,,,,,,,,,,,,,,,,,,,,,,,,
,9:45 - 11:20,,,Ин.яз. доц. Вострикова И.Ю. 308П,,,,Алгебра и геометрия доц. Чуракова Т.А. 479,,,,,,Web-техн. ст.преп. Ермаков М.В. 381,,Архитектура ЭВМ асс. Попова Е.В. 314П,Ин.яз. преп. Гафарова М.Х. 303П,,,,Алгебра и геометрия ст.преп. Пашкевич А.А. 307П,,АиСД асс. Нужных А.В. 384,Ин.яз. доц. Барабушка И.А. 309П,,,Алгебра и геометрия доц. Атанов А.В. 305П,,,Философия  ст.преп. Вяткина А.Г.  477,,Аналитическая геометрия проф. Вахитова Е.В. 380,,,,,,,,,,,,,,,,,,,,,Методы программирования проф. Дылевский А.В. 316П,,,,,,,,,"Обработка изображений
доц. Фертиков В.В. 383",,,,,Язык программирования С++  асс. Борисов А.Д. 295,ИСиС ст.преп. Коваль А.С. 293,Основы автоматизированного проектирования проф. Чижов М.И. 292,,,,ТЗИ доц. Нестеровский О.И. 290,СиСПИ доц. Самодуров А.С. 385,,,,,,,РО ст.преп. Акимов А.В. 301П,,,,,,,,,,,,,Информационные технологии управления проф. Матвеев М.Г.  291,,,,,,,
,,,,,,,,,,,,,,,,АиСД асс. Нужных А.В. 382,Архитектура ЭВМ асс. Попова Е.В. 297,,,Ин.яз. преп. Гафарова М.Х. 301П,,,Ин.яз. доц. Барабушка И.А. 309П,,,,,,"Практ. на ЭВМ по дисц. Програм.-е
 ст.преп. Соломатин Д.И.  314П",,,,,,,,,,,,,,,,,,,,,,,,Методы программирования проф. Дылевский А.В. 292,,,,,,,,,,,Обработка изображения доц. Иванков А.Ю. 385,ТП преп. Зенин К.В. 381,SAP R3 асс. Сафонов В.Г. 384,,,Информационные сети ст.преп. Коваль А.С. 293,Язык программирования С++  асс. Борисов А.Д. 295,,,,,СиСПИ доц. Самодуров А.С. 291,,,,,РО ст.преп. Акимов А.В. 316П,,,,,,,,,,,,,,,,,,,,,
,11:30-13:05,,,Ин.яз. доц. Вострикова И.Ю. 303П,,Ин.яз. доц. Барабушка И.А. 309П,,Алгебра и геометрия доц. Чуракова Т.А. 479,,,,,,Язык Си ст.преп. Малыхин А.Ю. 385,Ин.яз. доц. Стрельникова М.А. 308П,,Web-техн. ст.преп. Ермаков М.В. 387,,,Математический анализ ст.преп. Пашкевич А.А. 307П,АСВТ доц. Зуев С.А. 295,АиСД асс. Нужных А.В. 382,,,,,Правовые основы прикладной информатики проф. Артемов М.А. 292,,Алгебра и геометрия доц. Атанов А.В.  305П,Аналитическая геометрия проф. Вахитова Е.В. 380,,Философия  ст.преп. Вяткина А.Г.  477,,,,,,,,,,,,,,,,,,,,,Методы программирования проф. Дылевский А.В. 381,,,,,,,,,ПАОД доц. Фертиков В.В. 293,,ТП преп. Зенин К.В. 314П,SAP R3 асс. Сафонов В.Г. 384,,Язык программирования С++  асс. Борисов А.Д. 316П,,Информационные сети ст.преп. Коваль А.С. 383,,Безопасность операционных сиситем проф. Савинков А.Ю. 291,,КТ доц. Стадная Н.П.  301П,Методы оптимизации доц. Белоусова Е.Н. 409П,,,,,,РО ст.преп. Акимов А.В. 297,Язык програм. Python асс. Романов А.В. 290,,,,,,,,,,,,,Информационные технологии управления проф. Матвеев М.Г.  505П,,,,,,,
,,,,Язык Си ст.преп. Малыхин А.Ю. 387,,,,Архитектура ЭВМ асс. Попова Е.В. 316П,,Ин.яз. преп. Гавриш О.А. 307П,,Язык Си доц. Фертиков В.В. 385,,Ин.яз. доц. Стрельникова М.А. 308П,,,АиСД асс. Нужных А.В. 297,,МЛ и ТА ст.преп. Пашкевич А.А. 479,Ин.яз. преп. Гафарова М.Х. 301П,,Ин.яз. доц. Вострикова И.Ю. 303П,Ин.яз. доц. Барабушка И.А. 309П,МиО доц. Киселев Е.А. 505П,,,,,,,,,,,,,,,,,,,,,,,,,,,,,,,,,,,,,,ИПС доц. Сычев А.В. 314П,,"Обработка изображения
доц. Иванков А.Ю. 290",SAP R3 асс. Сафонов В.Г. 384,ТП преп. Зенин К.В. 382,,,,Информационные сети ст.преп. Коваль А.С. 293,,,,,,,,"ИСиТ в медицине
доц. Туровский Я.А. 190",,Язык программирования Python асс. Романов А.В. 383,,,,,,,,,,,,,,,,,,,,,
,13:25-15:00,,Ин.яз. доц. Стрельникова М.А. 308П,Алгебра и геометрия доц. Чуракова Т.А. 477,,АиСД ст.преп. Соломатин Д.И. 382,,Дискретная математика доц. Попов М.И. 380,,ТФКП  доц. Стадная Н.П. 292,,Ин.яз. преп. Гавриш О.А. 305П,Язык Си доц. Фертиков В.В. 314П,,АиСД ст.преп. Соломатин Д.И. 384,Web-техн. ст.преп. Ермаков М.В. 381,,Архитектура ЭВМ асс. Попова Е.В. 387,,Математический анализ ст.преп. Пашкевич А.А. 307П,АиСД асс. Нужных А.В. 383,МиО доц. Киселев Е.А. 479,Ин.яз. доц. Барабушка И.А. 309П,АСВТ доц. Самодуров А.С. 295,,,Физическая культура и спорт,,,Физическая культура и спорт,,,,,,,,,,,,,,,,,,,,,,,,Методы программирования проф. Дылевский А.В. 291,,,,,,,,ИПС доц. Сычев А.В. 385,,ИСиС ст.преп. Коваль А.С. 290,РБЗ предприятия проф. Матвеев М.Г. 303П,,,,Язык программирования С++  асс. Борисов А.Д. 316П,,ТЗИ доц. Нестеровский О.И. 301П,Безопасность операционных систем проф. Савинков А.Ю. 293,,Методы оптимизации доц. Белоусова Е.Н. 409П,,,,РО ст.преп. Акимов А.В. 297,"ИСиТ в медицине
доц. Туровский Я.А. 190",Язык программирования Python асс. Романов А.В. 505П,,,,,,,,,,,,,,,,,,,,,
,,Ин.яз. доц. Стрельникова М.А. 308П,Web-техн. ст.преп. Ермаков М.В. 387,,,,Ин.яз. доц. Барабушка И.А. 309П,,,,,АиСД ст.преп. Соломатин Д.И. 290,,АиСД ст.преп. Соломатин Д.И. 382,,Архитектура ЭВМ асс. Попова Е.В. 383,,Математический анализ ст.преп. Пашкевич А.А. 307П,,,,АиСД асс. Нужных А.В. 381,МиО доц. Киселев Е.А. 305П,,,,,,,,,,,,,,,,,,,,,,,,,,,,,,,,,,,,,,,,,"Обработка изображения
доц. Иванков А.Ю. 314П",ИСиС ст.преп. Коваль А.С. 297,РБЗ предприятия проф. Матвеев М.Г. 303П,,,,,,,,,,Анализ информации в организационных системах доц. Громковский А.А. 479,,РО ст.преп. Акимов А.В. 316П,,,,,,,,,,,,,,,,,,,,,,,
,15:10-16:45,Физическая культура и спорт,,,,,,,,,,,,Ин.яз. доц. Стрельникова М.А. 308П,Архитектура ЭВМ асс. Попова Е.В. 314П,АиСД асс. Нужных А.В. 382,,Ин.яз. преп. Гавриш О.А. 301П,,Web-техн. ст.преп. Ермаков М.В. 381,ТФКП ст.преп. Пашкевич А.А. 305П,,АСВТ доц. Самодуров А.С. 383,Ин.яз. доц. Барабушка И.А. 309П,,,,,,МиО доц. Киселев Е.А. 292,,Ин.яз. преп. Семенов В.П. 307П,,,,,,,,,,,,,,,,,,,,,,,,,,,,,,,,,ИСиС ст.преп. Коваль А.С. 316П,,,,Язык программирования С++  асс. Борисов А.Д. 384,,КТ доц. Стадная Н.П.  291,,,Методы вычислений доц. Махинова О.А. 329,,,,Информационные системы и технологии в медицине доц. Туровский Я.А. 477,,Язык програм. Python асс. Романов А.В. 303П,Линейная алгебра в гильбертовом пространстве проф. Клинских А.Ф. 385,,,,,,,,,,,,,,,,,,,,
,,,,,,,,,,,,,,АиСД ст.преп. Соломатин Д.И. 291,Ин.яз. доц. Стрельникова М.А. 308П,МЛ и ТА ст.преп. Пашкевич А.А. 305П,МЛ и ТА ст.преп. Пашкевич А.А. 305П,,Ин.яз. преп. Гавриш О.А. 301П,Архитектура ЭВМ асс. Попова Е.В. 385,,,,,,,,Ин.яз. преп. Семенов В.П. 307П,,,АиСД ст. преп. Соломатин Д.И. 295,МиО доц. Киселев Е.А. 292,,,,,,,,,,,,,,,,,,,,,,,,,,,,,,Параллельные алг. обработки данных (ПАОД) доц. Фертиков В.В.  293,КТ доц. Стадная Н.П.  303П,ИСиС ст.преп. Коваль А.С. 382,,ИСиС ст.преп. Коваль А.С. 382,,,,,,ТЗИ доц. Нестеровский О.И. 384,,,,Анализ информации в организационных системах доц. Громковский А.А. 316П,,,,,,,,,,,,,,,,,,,,,,,,,
,16:55-18:30,АиСД асс. Нужных А.В. 316П,,ТФКП доц. Некрасова Н.Н. 305П,,Архитектура ЭВМ асс. Попова Е.В. 387,Язык Си ст.преп. Малыхин А.Ю. 295,Ин.яз. преп. Семенов В.П. 309П,,,,,,Физическая культура и спорт,,,,,,,Физическая культура и спорт,,,,,,,,,,,АиСД ст. преп. Соломатин Д.И. 314П,,,,,,,,,,,,,,,,,,,,,,,,,,,,,,,ИСиС ст.преп. Коваль А.С. 384,"Язык програм. С++
ст.преп. Лысачев П.С. 383",,,,,,,,,,Методы вычислений доц. Махинова О.А. 329,,Программная инженерия (ПИ) доц. Михайлов Е.М. 292,,Информационные системы и технологии в медицине доц. Туровский Я.А. 190,,Линейная алгебра в гильбертовом пространстве проф. Клинских А.Ф. 382,,,,,,,,,,,,,,,,,,,,,
,,АиСД асс. Нужных А.В. 381,Архитектура ЭВМ асс. Попова Е.В.  301П,,,Язык Си ст.преп. Малыхин А.Ю. 295,,,Ин.яз. преп. Семенов В.П. 309П,,,,,,,,,,,,,,,,,,,,,,,,,,,,,,,,,,,,,,,,,,,,,,,,,,,,,,ИСиС ст.преп. Коваль А.С. 384,"Язык програм. С++
ст.преп. Лысачев П.С. 382",,,,,,,,ТЗИ доц. Нестеровский О.И. 316П,,,,Программная инженерия доц. Михайлов Е.М. 291,,,,,,,,,,,,,,,,,,,,,,,,,
,18:40-20:00,,,Дискретная математика асс. Стукалова И.В. 305П,,ТФКП доц. Некрасова Н.Н. 292,,,,,,,,,,,,Архитектура ЭВМ асс. Попова Е.В. 384,,,,,,,,,,,,,,,,,,,,,,,,,,,,,,,,,,,,,,,,,,,,,,КТ доц. Стадная Н.П.  295,,,,,,,,,,,,"Программная инженерия
доц. Михайлов Е.М. 316П","Программная инженерия
доц. Михайлов Е.М. 316П",,,,,,,,,,,,,,,,,Защита программ и данных  (id=25825) (id=25759)  Иванкин (ДО),,,,,,,
,,,,,,,,,,,,,,,,,,,Архитектура ЭВМ асс. Попова Е.В. 301П,,,,,,,,,,,,,,,,,,,,,,,,,,,,,,,,,,,,,,,,,,,,,,,,,,,,,,,,,,,,,,,,,,,,,,,,,,,,,,,,,,
,20:10-21:30,,,,,,,,,,,,,,,,,,,,,,,,,,,,,,,,,,,,,,,,,,,,,,,,,,,,,,,,,,,,,,,,,,,,,,,,,,,,,,,,,,,,,,,,,,,,,,,,,,,,
,,,,,,,,,,,,,,,,,,,,,,,,,,,,,,,,,,,,,,,,,,,,,,,,,,,,,,,,,,,,,,,,,,,,,,,,,,,,,,,,,,,,,,,,,,,,,,,,,,,,,
,,,,,,,,,,,,,,,,,,,,,,,,,,,,,,,,,,,,,,,,,,,,,,,,,,,,,,,,,,,,,,,,,,,,,,,,,,,,,,,,,,,,,,,,,,,,,,,,,,,,,
Пятница,8:00 - 9:35,Ин.яз. доц. Стрельникова М.А. 308П,,,,,Ин.яз. доц. Барабушка И.А. 309П,,,,,,Ин.яз. преп. Гавриш О.А. 295,Алгебра и геометрия доц. Атанов А.В. 479,,,,,,,,,,Web-техн.  ст.преп. Ермаков М.В. 290,Линейная алгебра доц. Глушакова Т.Н. 408П,,,,,,,Математическая логика проф. Лобода А.В. 380,,Unix ст.преп. Копытина Е.А.  291,,,Ин.яз. доц. Вострикова И.Ю. 303П,МиО асс. Некипелов Е.А.  305П,,,,,,,,,,,,,,,,,,,ПвС MATLAB доц. Иванков А.Ю. 293,Ин.яз. преп. Гафарова М.Х. 314П,,,Ин.яз. преп. Семенов В.П. 301П,,,,,,Теория компиляторов (id=1632) ст.преп. Соломатин Д.И. (ДО),,ТК (id=1632) ст.преп. Соломатин Д.И. (ДО),ТК (id=1632) ст.преп. Соломатин Д.И. (ДО),Безопасность операционных сиситем (id=4418) проф. Савинков А.Ю. (ДО),,,Защита в операционных системах (id=4418) проф. Савинков А.Ю. (ДО),,,,,,,,ИБиЗИ асс. Паринов П.А. (ДО),,,,,,,"Основы права и антикоррупционного законодательства (id=6826#section-18),  (id=18417)
доц. Панюшкина О.В. (ДО)",,,,,,,"Основы права и антикоррупционного законодательства (id=6826#section-18), (id=18417) 
 доц. Панюшкина О.В. (ДО)",,"Основы права и антикоррупционного законодательства  (id=6826#section-18), (id=18417)  
 доц. Панюшкина О.В. (ДО)",,,
,,,Ин.яз. доц. Стрельникова М.А. 308П,,,Ин.яз. доц. Барабушка И.А. 309П,,,,,,,,,,,,,,,МиО доц. Киселев Е.А. 291,,Алгебра и геометрия ст.преп. Пашкевич А.А. 307П,,,,,,,,,,,,,МиО асс. Некипелов Е.А.  305П,,,,,,Unix ст.преп. Копытина Е.А.  295,,,,,,Ин.яз. доц. Вострикова И.Ю. 303П,,,,,,,,,,,,,,,,,,,,,,,,,,,,,,,,,,,,,,,,,,,,,,,,,,,,,
,9:45 - 11:20,Алгебра и геометрия доц. Чуракова Т.А. 477,,,,,,,Ин.яз. преп. Семенов В.П. 305П,,,,Ин.яз. преп. Гавриш О.А. 295,Алгебра и геометрия доц. Атанов А.В. 479,,,,,,,ТФКП ст.преп. Пашкевич А.А. 307П,,,,Линейная алгебра доц. Глушакова Т.Н. 408П,,,,,МиО доц. Киселев Е.А. 505П,,,,Урмат доц. Попов М.И. 316П,,,Электроника асс. Захаров В.И. 420,Unix ст.преп. Копытина Е.А.  385,,,,Ин.яз. доц. Стрельникова М.А. 308П,,Урмат асс. Некипелов Е.А. 291,,,,Ин.яз. доц. Вострикова И.Ю. 301П,,,,Ин.яз. доц. Барабушка И.А. 309П,Ин.яз. преп. Гафарова М.Х. 303П,,,,ПвС MATLAB доц. Иванков А.Ю. 293,Математическая статистика доц. Стадная Н.П. 292,,Культурология преп. Гаршин Н.А. 380,,Инфокоммуникационные системы и сети (ИСиС ) (id=2215) ст.преп. Коваль А.С. (ДО),,,,,,,Информационные сети (id=2215) ст.преп. Коваль А.С. (ДО),,Техническая защита информации (ТЗИ) доц. Нестеровский О.И. (ДО),,,Техническая защита информации (ТЗИ) доц. Нестеровский О.И. (ДО),,,,,,,,Моделирование систем (МС) (id=2210) доц. Митрофанова Е.Ю. (ДО) ,,,,,,,МС (id=2210) доц. Митрофанова Е.Ю. (ДО) ,,,МС (id=2210) доц. Митрофанова Е.Ю. (ДО) ,,,,Основы теории управления (id=15658) проф. Матвеев М.Г. (ДО),,Сети и системы телекоммуникаций (СиСТК) (id=2215)  ст.преп. Коваль А.С. (ДО),,,
,,Ин.яз. доц. Стрельникова М.А. 308П,,Web-техн. ст.преп. Ермаков М.В. 384,,,Ин.яз. доц. Барабушка И.А. 309П,,Ин.яз. преп. Семенов В.П. 301П,,,,,МЛ и ТА ст.преп. Пашкевич А.А. 479,,МЛ и ТА ст.преп. Пашкевич А.А. 479,,МЛ и ТА ст.преп. Пашкевич А.А. 479,,,Алгебра и геометрия доц. Чуракова Т.А. 477,,,,,,,,,,,,,,,Unix ст.преп. Копытина Е.А.  290,,,,,,Урмат асс. Некипелов Е.А. 291,,Ин.яз. преп. Гафарова М.Х. 307П,Методы вычислений доц. Атанов А.В. 314П,,,,Ин.яз. доц. Вострикова И.Ю. 303П,,,,,,Програмирование в среде MATLAB доц. Иванков А.Ю.  293,,,Культурология преп. Гаршин Н.А. 380,,Математическая статистика доц. Стадная Н.П. 292,,,,,,,,,,,,,,,,,,,,,,,,,,,,,,,,,,,,,,,,,
,11:30-13:05,Алгебра и геометрия доц. Чуракова Т.А. 479,,,,,,,,Ин.яз. преп. Гавриш О.А. 308П,,,,Дискретная математика доц. Попов М.И. 477,,,,,,,МиО доц. Киселев Е.А. 505П,,,,МиО доц. Киселев Е.А. 505П,,,,,Математическая логика проф. Лобода А.В. 292,,,Ин.яз. преп. Семенов В.П. 301П,,,,,,ЯиСП доц. Михайлюк Е.А. 382,,,Урмат асс. Некипелов Е.А. 383,Электроника асс. Захаров В.И. 420,Методы вычислений доц. Атанов А.В. 384,Unix ст.преп. Копытина Е.А. 293,"Проектирование ЧМИ
доц. Туровский Я.А. 190",,"Гуманитарные аспекты информационной безопасности
доц. Филиппова Н.В. 380",,Ин.яз. доц. Вострикова И.Ю. 303П,Ин.яз. доц. Барабушка И.А. 309П,Методы вычислений асс. Бородин А.В.  295,Языки программирования доц. Михайлова Е.Е.  381,,"ПвС MATLAB
доц. Иванков А.Ю. 316П",,Культурология преп. Гаршин Н.А. 305П,Архитектура ЭВМ асс. Попова Е.В.  291,,,,ИСиС (id=2215) ст.преп. Коваль А.С. (ДО),Сетевая подсистема Linux (id=15496)  проф. Савинков А.Ю. (ДО),,,,ТП (id=915715) асс. Клейменов И.В. (ДО),,,,,,,Правоведение (id=6826) доц. Завьялова И.С. (ДО),,,,,Теория информации доц. Борзунов С.В. 290,Основы криптографии доц. Стадная Н.П. 385,,Моделирование систем (МС) (id=2210) доц. Митрофанова Е.Ю. (ДО) ,,,,,,,МС (id=2210) доц. Митрофанова Е.Ю. (ДО) ,,,МС (id=2210) доц. Митрофанова Е.Ю. (ДО) ,,,,Теория систем и системный анализ (id=801650) ст.преп. Коротков В.В. (ДО),,,,,
,,,,,,,,,АиСД ст.преп. Соломатин Д.И. 383,,Ин.яз. преп. Гавриш О.А. 308П,,,,,,,,,,,,,,,,,,,,,,,,,Unix ст.преп. Копытина Е.А.  384,,,,,,"Методы вычислений
доц. Атанов А.В. 314П",,,Урмат асс. Некипелов Е.А. 290,,,,,,,,,,,,,,,Архитектура ЭВМ асс. Попова Е.В.  382,,ИСиС (id=2215) ст.преп. Коваль А.С. (ДО),,,,,,ТП (id=915715) асс. Клейменов И.В. (ДО),,,СЦВЗ (id=3420) доц. Митрофанова Е.Ю. (ДО) ,,,СЦВЗ (id=3420) доц. Митрофанова Е.Ю. (ДО) ,,,,Теория информации доц. Борзунов С.В. 291,РО ст.преп. Акимов А.В. 293,,,Правовые аспекты защиты компьютерной информации (id=4302) доц. Ефремов А.А. (ДО),,,,,,,Правовые аспекты защиты компьютерной информации  (id=4302) доц. Ефремов А.А. (ДО),,,"Правовые асп. защиты комп. инф. (id=4302)
доц. Ефремов А.А. (ДО)",,СЦВЗ (id=3420) доц. Митрофанова Е.Ю. (ДО) ,,,,,,,
,13:25-15:00,Теория функций комплексного переменного доц. Сирота Е.А. 479,,,,,,АиСД ст.преп. Соломатин Д.И. 316П,,Ин.яз. преп. Гавриш О.А. 308П,,ТФКП доц. Стадная Н.П. 307П,,,Язык Си ст.преп. Малыхин А.Ю. 387,,,Математический анализ ст.преп. Пашкевич А.А. 477,,Архитектура ЭВМ асс. Попова Е.В. 383,Дискретная математика доц. Борзунов С.В. 505П,,,,МиО доц. Киселев Е.А. 384,,,,,Ин.яз. преп. Гафарова М.Х. 303П,,,,,,,,,,Урмат доц. Попов М.И. 382,,,Урмат асс. Некипелов Е.А. 301П,"Проектирование ЧМИ
доц. Туровский Я.А. 190",,Unix ст.преп. Копытина Е.А.  293,Электроника асс. Захаров В.И. 420,Методы вычислений асс. Бородин А.В. 381,Ин.яз. доц. Вострикова И.Ю. 309П,Программирование в среде MATLAB доц. Иванков А.Ю. 290,,Гуманитарные аспекты информационной безопасности доц. Филиппова Н.В. 380,Языки программирования доц. Михайлова Е.Е. 292,,Культурология преп. Гаршин Н.А. 305П,,,,,,,,,,,,,,,,,,,,,,,,Интеллектуальные системы доц. Илларионов И.В. 385,Теория управления ст.преп. Акимов А.В. 295,"Квантовые вычисления
проф. Клинских А.Ф. 291",Архитектура ИС  (id=4607) доц. Борисов Д.Н. (ДО),,,,,,,Архитектура ИС (id=4607)  доц. Борисов Д.Н. (ДО),,,"Комплексное обеспечение защиты информации объекта информатизации 
доц. Нестеровский О.И. (ДО)",,,,Управление проектами (id=1006449) ст.преп. Коротков В.В. (ДО),,Концепции современного естествознания (id=3979) проф. Запрягаев С.А. (ДО),,,
,,,,,,,,АиСД ст.преп. Соломатин Д.И. 293,,Архитектура ЭВМ асс. Попова Е.В. 316П,,,,,Web-техн. ст.преп. Ермаков М.В. 291,Культурология преп. Гаршин Н.А. 305П,,,Ин.яз. преп. Гавриш О.А. 309П,,,,,,Физическая культура и спорт,,,,,,,,,,,Ин.яз. доц. Вострикова И.Ю. 308П,,,,,Урмат доц. Попов М.И. 383,,Unix ст.преп. Копытина Е.А.  297,Урмат асс. Некипелов Е.А. 301П,,,,,,,,,Ин.яз. преп. Гафарова М.Х. 303П,,,,,,,Алгоритмы томографии доц. Киселев Е.А. 292,,,,,,,,,,,,,,,,Основы эконометрического моделирования доц. Алейникова Н.А. 314П,,Интеллектуальные системы доц. Илларионов И.В. 385,,"Квантовые вычисления
проф. Клинских А.Ф. 477",Теория управления ст.преп. Акимов А.В. 295,,,,,,,,,,,,,Основы построения защищенных компьютерных сетей ст.преп. Коваль А.С. (ДО),Основы построения защищенных компьютерных сетей ст.преп. Коваль А.С. (ДО),,,,,,
,15:10-16:45,Архитектура ЭВМ асс. Попова Е.В. 316П,,,Язык Си ст.преп. Малыхин А.Ю. 297,Ин.яз. доц. Барабушка И.А. 309П,,Теория функций комплексного переменного доц. Сирота Е.А. 477,,,,,,,,,Ин.яз. преп. Гафарова М.Х. 308П,,,Дискретная математика доц. Попов М.И.  479,,,,,,,,,,,,,,,,,,,,МиО асс. Некипелов Е.А.  292,,,"Проектирование ЧМИ
доц. Туровский Я.А. 190",Электроника асс. Захаров В.И. 420,,Unix ст.преп. Копытина Е.А.  383,,,ЯиСП доц. Михайлов Е.М. 384,Гуманитарные аспекты информационной безопасности доц. Филиппова Н.В. 380,,,,,,Програмирование в среде MATLAB доц. Иванков А.Ю.  290,,,,,,Физическая культура и спорт,,,,,,,Физическая культура и спорт,,,,,Физическая культура и спорт,,Основы эконометрического моделирования доц. Алейникова Н.А. 314П,,Теория управления ст.преп. Акимов А.В. 293,"Квантовые вычисления
проф. Клинских А.Ф. 305П",Теория информации доц. Борзунов С.В. 291,Основы криптографии доц. Стадная Н.П. 303П,,,,"Разработка ERP  (id=25777)
асс. Соломатин А.И. (ДО)",,Алгоритмы на строках (id=6425) проф. Махортов С.Д. (ДО),,Алгоритмы на строках (id=6425)  проф. Махортов С.Д. (ДО),,,Безопасность компьютерных сетей  (id=2995) ст.преп. Коваль А.С. (ДО),,Основы построения защищенных компьютерных сетей ст.преп. Коваль А.С. (ДО),,Разработка ERP  (id=25785) асс. Соломатин А.И. (ДО),,Концепции современного естествознания (id=3979) проф. Запрягаев С.А. (ДО),,Концепции современного естествознания (id=3979) проф. Запрягаев С.А. (ДО),
,,,,,,Архитектура ЭВМ асс. Попова Е.В. 291,,,,,,,,Культурология преп. Гаршин Н.А. 307П,,,,,,,,,,,,,,,,,,,,,,,,,,Методы вычислений асс. Некипелов Е.А.  316П,,,,,,,Unix ст.преп. Копытина Е.А.  301П,,,,,,Физическая культура и спорт,Физическая культура и спорт,,,,,,,,,,,,,,,,,,,,,,,,"Квантовые вычисления
проф. Клинских А.Ф. 305П",Теория управления ст.преп. Акимов А.В. 293,Основы криптографии доц. Стадная Н.П.  292,Теория информации доц. Борзунов С.В. 303П,,,,,,,,,,,,,,,,,,,,
,16:55-18:30,,,,,,,,,Архитектура ЭВМ асс. Попова Е.В. 303П,АиСД ст.преп. Соломатин Д.И. 301П,Дискретная математика асс. Стукалова И.В. 305П,,,,,,,,,,,,,,,,,,,,,,,,,,,,ЯиСП асс. Кольцова И.А. 382,,,,,,"Проектирование ЧМИ
доц. Туровский Я.А. 190",,,Программирование в среде MATLAB доц. Иванков А.Ю. 297,,ЯиСП доц. Михайлов Е.М. 290,,"Организационное и правовое обеспечение информационной безопасности
доц. Филиппова Н.В. 292","Организационное и правовое обеспечение информационной безопасности
доц. Филиппова Н.В. 292",,,,,,,,,,,,,,,,,Физическая культура и спорт,,,,,Физическая культура и спорт,,Физическая культура и спорт,,,,,,,"Разработка ERP  (id=25777)
 асс. Соломатин А.И. (ДО)",,Алгоритмы на строках (id=6425)  проф. Махортов С.Д. (ДО),,Алгоритмы на строках (id=6425) проф. Махортов С.Д. (ДО),,,Безопасность компьютерных сетей (id=2995) ст.преп. Коваль А.С. (ДО),,Основы построения защищенных компьютерных сетей ст.преп. Коваль А.С. (ДО),Основы построения защищенных компьютерных сетей ст.преп. Коваль А.С. (ДО),Разработка ERP  (id=25785) асс. Соломатин А.И. (ДО),,Управление проектами (id=25838) доц. Гладких М.О. (ДО),,,
,,,,,,,Архитектура ЭВМ асс. Попова Е.В. 314П,,,АиСД ст.преп. Соломатин Д.И. 382,,,,,,,,,,,,,,,,,,,,,,,,,,,,,,Урмат доц. Попов М.И. 295,ЯиСП асс. Кольцова И.А. 291,,,,,,,,,Программирование в среде MATLAB доц. Иванков А.Ю. 297,,,,,,,,,,,,,,,,,,,,,,,,,,,,,,,,,,,,,,,,,,КОЗИОИ доц. Нестеровский О.И. (ДО),,,,,,,,,
,18:40-20:00,,,,,,,,,АиСД ст.преп. Соломатин Д.И. 382,Архитектура ЭВМ асс. Попова Е.В. 301П,,,,,,,,,,,,,,,,,,,,,,,,,,,,,,,,,,,,"Проектирование ЧМИ
доц. Туровский Я.А. 190",,,ЯиСП доц. Михайлов Е.М. 384,,,,,,,,,,,,,,,,,,,,,,,,,,,,Распознавание образов проф. Попело В.Д. 477,,,,,,,,,,,,,,,,,Защита программ и данных (id=25759)  преп. Ключников В.В. (ДО),,,,,,
,,,,,,,,,,,,,Архитектура ЭВМ асс. Попова Е.В. 301П,,,,,,,,,,,,,,,,,,,,,,,,,,,ЯиСП асс. Кольцова И.А. 291,,,,,,,,,,,,,,,,,,,,,,,,,,,,,,,,,,,,"Язык програм. Java
ст.преп. Гавшин А.Л. 316П","Язык програм. Java
ст.преп. Гавшин А.Л. 316П",,,,,,,,,,,,,,,,,Защита программ и данных (id=25759) преп. Ключников В.В. (ДО),,,,,,,
,20:10-21:30,,,,,,,,,,,,,,,,,,,,,,,,,,,,,,,,,,,,,,,,,,,,,,,,,,,,,,,,,,,,,,,,,,,,,,,,,,,,,,,,,,,,,,,,,,,,,,,,,,,,
,,,,,,,,,,,,,,,,,,,,,,,,,,,,,,,,,,,,,,,,,,,,,,,,,,,,,,,,,,,,,,,,,,,,,,,,,,,,,,,,,,,,,,,,,,,,,,,,,,,,,
,,,,,,,,,,,,,,,,,,,,,,,,,,,,,,,,,,,,,,,,,,,,,,,,,,,,,,,,,,,,,,,,,,,,,,,,,,,,,,,,,,,,,,,,,,,,,,,,,,,,,
Суббота,8:00 - 9:35,,,,,,,,,,,,,,,,,,,,,,,,,,,,,,,,,Электроника асс. Нескородов С.Е. 477,,,,,,,,Философия преп. Соколова А.Ю. 292,,ЯиСП ст.преп. Чекмарев А.И. 382,,,,,,,,,,,ИТ бух.уч. асс. Абрамова Н.В. 314П,,,Численные методы асс. Денисенко А.И. 291,,,Урмат асс. Бородин А.В. 381,,"Радиосети с ячеистой топологией
асс. Стромов А.В. 387",ТЗДиБЧ доц. Вялых С.А. 383,,,,,,,,,,,,,,,,,,,,Разработка прил. для систем машин. обучения доц. Дрюченко М.А. 297,,,,,"Архитектура ИС
асс. Попова Е.В. 316П","Архитектура ИС
асс. Попова Е.В. 316П",,АУиЗПО доц. Дрюченко М.А. 290,,,,,,,,,
,,,,,,,,,,,,,,,,,,,,,,,,АиСД асс. Нужных А.В. 385,,,,,,,,,,,,,,,,,,,,ЯиСП ст.преп. Чекмарев А.И. 382,,,,,,,,,,,,,,,,Численные методы асс. Денисенко А.И. 291,,,,ТЗДиБЧ доц. Вялых С.А. 383,,,,,,,,,,,,,,,,,,,,,,,,,,,,,,,,,,,,,
,9:45 - 11:20,,,,,,,,,,,,,,,,,,,,,,,,,,,,,,,,,,ЯиСП ст.преп. Чекмарев А.И. 385,Электроника асс. Захаров В.И. 420,Урмат доц. Попов М.И. 293,Методы вычислений асс. Некипелов Е.А. 383,,Философия преп. Соколова А.Ю. 305П,,Электроника асс. Нескородов С.Е. 477,,,,,,,,,,,Аппаратные средства вычислительной техники преп. Дергачев Ю.А. 2/25 УЦ,,Информационные технологии бухгалтерского учета асс. Абрамова Н.В. 505П,,,Урмат асс. Бородин А.В. 384,,,Численные методы асс. Денисенко А.И. 381,,"Радиосети с яч. топологией
асс. Стромов А.В. 387",ИТ асс. Кольченко Е.А. 382,ЯП Java ст.преп. Самойлов Н.К. 291,ЯП Java ст.преп. Самойлов Н.К. 291,,,,,,,Методы оценки безопасности компьютерных систем доц. Вялых С.А. 295,Правоведение преп. Лаврёнов Н.А. 380,,,,,,,,,,РП для СМО доц. Дрюченко М.А. 297,,,Функциональное программирование асс. Строгонов А.И. 301П,,Архитектура ИС асс. Попова Е.В. 316П,Архитектура ИС асс. Попова Е.В. 316П,ИБиЗИ асс. Паринов П.А. 303П,АУиЗПО доц. Дрюченко М.А. 290,,,,,,,,,
,,,,,АиСД асс. Нужных А.В. 381,,,,,,,,,,,,,,,,,Web-техн.  ст.преп. Ермаков М.В. 382,Основы права и антикоррупционного законодательства преп. Калугина А.А. 305,,,,,,,,,,,ЯиСП ст.преп. Чекмарев А.И. 385,,,,Урмат доц. Попов М.И. 293,Методы вычислений асс. Некипелов Е.А.  303П,,,,,,,,,,,,,,,,,,,,Численные методы асс. Денисенко А.И. 301П,Урмат асс. Бородин А.В. 383,,,"Радиосети с яч. топологией
асс. Стромов А.В. 387",ЯП Java ст.преп. Самойлов Н.К. 291,,,КТ ст.преп. Стадная Н.П.  380,,,,,,,,,,,,,,,,,,,,,,ИБиЗИ асс. Паринов П.А. 316П,ИБиЗИ асс. Паринов П.А. 316П,Архитектура ИС асс. Попова Е.В. 384,,,,,,,,,,
,11:30-13:05,,,,,,,,,,,,,,,,,,,,,,,,,,,,,,,,,,Электроника асс. Захаров В.И. 420,Урмат доц. Попов М.И. 293,,Философия ст.преп. Вяткина А.Г. 307П,,,,,,,ЯиСП ст.преп. Чекмарев А.И. 381,ЯиСП асс. Хрипушин Д.А.  316П,,,,,,,,,Информационные технологии бухгалтерского учета асс. Абрамова Н.В. 505П,,,Урмат асс. Бородин А.В. 303П,,Численные методы асс. Денисенко А.И. 301П,,,Беспроводные сети асс. Стромов А.В. 387,ТЗДиБЧ доц. Вялых С.А. 292,ИТ асс. Кольченко Е.А. 382,ИТ асс. Кольченко Е.А. 382,"Теория компиляторов
ст.преп. Соломатин Д.И. 385",,,,ИТ асс. Рыжков В.А. 383,,СиСПИ доц. Самодуров А.С. 295,Методы и стандарты оценки защищенности компьютерных систем проф. Храмов В.Ю.  291,,,,,,,,,,"Разработка прил. для систем машин.обучения
доц. Дрюченко М.А. 297",,,ИБиЗИ асс. Паринов П.А. 290,,,,Архитектура ИС асс. Попова Е.В. 384,,,,,,,,,,
,,,,,Web-техн. ст.преп. Ермаков М.В. 301П,,,,,,,,,,,,,,,,Основы права и антикоррупционного законодательства преп. Калугина А.А. 305П,,АиСД асс. Нужных А.В. 381,,Введение в специальность доц. Текунов В.В. 124,,,,,,,,,,,Методы вычислений асс. Некипелов Е.А.  382,Unix ст.преп. Копытина Е.А.  385,,,,,,,,,ЯиСП асс. Хрипушин Д.А.  316П,ЯиСП асс. Хрипушин Д.А.  316П,,,,,,Апп.средства выч. техники преп. Дергачев Ю.А. 2/25 УЦ,,,,,,Урмат асс. Бородин А.В. 303П,,,,Беспроводные сети асс. Стромов А.В. 387,,,,Разработка web-приложений  ст.преп. Самойлов Н.К. 383,"Теория компиляторов
ст.преп. Соломатин Д.И. 295",,,,,Безопасность операционных сиситем проф. Савинков А.Ю. 293,,,,,,,,,,,,,,,,,,,АУиЗПО доц. Дрюченко М.А. 290,,,,,,,,,
,13:25-15:00,,,,,,,,,,,,,,,,,,,,,,,,,,,,,,,,,,,Философия ст.преп. Вяткина А.Г.  307П,,Методы вычислений асс. Некипелов Е.А.  387,Электроника асс. Захаров В.И. 420,,,,,,,,,,,,,,,,,,ИТ бух.уч. асс. Абрамова Н.В. 385,,,Урмат асс. Бородин А.В. 303П,,,"Беспроводные сети
асс. Стромов А.В. 380",,КТ доц. Стадная Н.П.  290,,Разработка web-приложений  ст.преп. Самойлов Н.К. 479,,"Теория компиляторов
ст.преп. Соломатин Д.И. 293",ИТ асс. Кольченко Е.А. 297,Методы оценки безопасности компьютерных систем доц. Вялых С.А. 291,Методы оценки безопасности компьютерных систем доц. Вялых С.А. 291,ИТ асс. Рыжков В.А. 382,СиСПИ доц. Самодуров А.С. 314П,,,,,,,,,,,,,Архитектура ИС асс. Попова Е.В. 295,Функциональное программирование асс. Строгонов А.И. 384,,,,,,,,,,,,,
,,,,,,,,,,,,,,,,,,,,,АиСД асс. Нужных А.В. 385,АСВТ доц. Самодуров А.С. 314П,Web-техн.  ст.преп. Ермаков М.В. 301П,,Введение в специальность доц. Текунов В.В. 124,,,,,,,,,,,,,Unix ст.преп. Копытина Е.А. 384,,,,,,,,,,,,,,,,,,,,,,,,,,,,,,,,,,,Безопасность операционных сиситем проф. Савинков А.Ю. 293,,,,,,,,,,,,,,ИБиЗИ асс. Паринов П.А. 382,Архитектура ИС асс. Попова Е.В. 295,,,,,,,,,,,,,
,15:10-16:45,,,,,,,,,,,,,,,,,,,,,,,,,,,,,,,,,,,Методы вычислений асс. Некипелов Е.А.  316П,,Электроника асс. Захаров В.И. 420,,,,,,,,,,,,,,,,,,,,,,,,,,,,,Разработка web-приложений  ст.преп. Самойлов Н.К. 383,,ИТ асс. Кольченко Е.А. 295,"Теория компиляторов
ст.преп. Соломатин Д.И. 381",Сети и системы передачи информации асс. Стромов А.В. 479,,,Сети и системы передачи информации асс. Стромов А.В. 479,,,,,,,,,,,,,"Архитектура ИС
асс. Попова Е.В. 382",ИБиЗИ асс. Паринов П.А. 290,,,,,,Криптографические протоколы  (id=11108)  доц. Степанец  Ю.А. (ДО),,,,,,,
,,,,,,,,,,,,,,,,,,,,,Web-техн.  ст.преп. Ермаков М.В. 314П,АСВТ доц. Самодуров А.С. 384,,,,,,,,,,,,,,,Методы вычислений асс. Некипелов Е.А. 295,,,,,,,,,,,,,,,,,,,,,,,,,,,,,,,Разработка web-приложений  ст.преп. Самойлов Н.К. 383,,,,,,,,,,,,,,,,,,,,,,,,,,,,,,,,,
,16:55-18:30,,,,,,,,,,,,,,,,,,,,,,,,,,,,,,,,,,,,,,,,,,,,,,,,,,,,,,,,,,,,,,,,,,ЯП Java ст.преп. Самойлов Н.К. 316П,ЯП Java ст.преп. Самойлов Н.К. 316П,,,,ИТ асс. Рыжков В.А. 382,СиСПИ доц. Самодуров А.С. 314П,,,,,,,,,,,,,,,"Архитектура ИС
асс. Попова Е.В. 295",,,,,,Криптографические протоколы  (id=11108) доц. Степанец  Ю.А. (ДО),,,,,,,
,,,,,,,,,,,,,,,,,,,,,,,,,,,,,,,,,,,,,,,,,,,,,,,,,,,,,,,,,,,,,,,,,,,,,,,,СиСПИ доц. Самодуров А.С. 291,,,,,,,,,,,,,,,,,,,,,,,,,,,,,
,18:40-20:00,,,,,,,,,,,,,,,,,,,,,,,,,,,,,,,,,,,,,,,,,,,,,,,,,,,,,,,,,,,,,,,,,,,,,,,,,,,,,,,,,,,,,,,,,,,,,,,,,,,,